TOKEN,LABEL,HEAD,HEAD_WORD,DEP_REL,POS,SUB_TOKENS
i,O,1,am,nsubj,PRP,
am,O,1,am,ROOT,VBP,
a,O,4,user,det,DT,
business,O,4,user,compound,NN,
user,O,1,am,attr,NN,
who,O,7,depend,nsubj,WP,
heavily,O,7,depend,advmod,RB,
depend,O,4,user,relcl,VBP,
on,O,7,depend,prep,IN,
mobile,O,10,service,amod,JJ,
service,O,8,on,pobj,NN,
.,O,1,am,punct,.,
_,_,_,_,_,_,_
_,_,_,_,_,_,_
there,O,1,is,expl,EX,
is,O,1,is,ROOT,VBZ,
much,O,1,is,attr,JJ,
which,O,6,said,nsubjpass,WDT,
has,O,6,said,aux,VBZ,
been,O,6,said,auxpass,VBN,
said,O,2,much,relcl,VBN,
in,O,6,said,prep,IN,
other,O,9,reviews,amod,JJ,
reviews,O,7,in,pobj,NNS,
about,O,9,reviews,prep,IN,
the,O,12,features,det,DT,
features,O,10,about,pobj,NNS,
of,O,12,features,prep,IN,
this,O,15,phone,det,DT,
phone,B-ASP,13,of,pobj,NN,
",",O,18,is,punct,",",
it,O,18,is,nsubj,PRP,
is,O,24,worked,ccomp,VBZ,
a,O,21,phone,det,DT,
great,B-OP,21,phone,amod,JJ,
phone,B-ASP,18,is,attr,NN,
",",O,24,worked,punct,",",
mine,O,24,worked,nsubj,PRP,
worked,O,1,is,conj,VBD,
without,O,24,worked,prep,IN,
any,O,27,problems,det,DT,
problems,O,25,without,pobj,NNS,
right,O,29,out,advmod,RB,
out,O,24,worked,prep,IN,
of,O,29,out,prep,IN,
the,O,32,box,det,DT,
box,O,30,of,pobj,NN,
.,O,24,worked,punct,.,
_,_,_,_,_,_,_
_,_,_,_,_,_,_
just,O,2,check,advmod,RB,
double,O,2,check,amod,JJ,
check,O,2,check,ROOT,NN,
with,O,2,check,prep,IN,
customer,O,5,service,compound,NN,
service,O,3,with,pobj,NN,
to,O,7,ensure,aux,TO,
ensure,O,2,check,advcl,VB,
the,O,9,number,det,DT,
number,O,13,is,nsubj,NN,
provided,O,9,number,acl,VBN,
by,O,10,provided,agent,IN,
amazon,O,11,by,pobj,NNP,
is,O,7,ensure,ccomp,VBZ,
for,O,13,is,prep,IN,
the,O,18,exchange,det,DT,
city,O,18,exchange,nmod,NN,
/,O,18,exchange,punct,SYM,
exchange,O,14,for,pobj,NN,
you,O,20,wanted,nsubj,PRP,
wanted,O,18,exchange,relcl,VBD,
.,O,2,check,punct,.,
_,_,_,_,_,_,_
_,_,_,_,_,_,_
after,O,13,am,prep,IN,
several,O,2,years,amod,JJ,
years,O,0,after,pobj,NNS,
of,O,2,years,prep,IN,
torture,O,3,of,pobj,NN,
in,O,2,years,prep,IN,
the,O,7,hands,det,DT,
hands,O,5,in,pobj,NNS,
of,O,7,hands,prep,IN,
at&t,B-ASP,11,service,compound,NNP,at & t
customer,I-ASP,11,service,compound,NN,
service,I-ASP,8,of,pobj,NN,
i,O,13,am,nsubj,PRP,
am,O,13,am,ROOT,VBP,
delighted,B-OP,13,am,acomp,JJ,
to,O,16,drop,aux,TO,
drop,O,14,delighted,xcomp,VB,
them,O,16,drop,dobj,PRP,
",",O,13,am,punct,",",
and,O,13,am,cc,CC,
look,O,13,am,conj,VB,
forward,O,20,look,advmod,RB,
to,O,21,forward,prep,IN,
august,O,22,to,pobj,NNP,
2004,O,23,august,nummod,CD,
when,O,28,convert,advmod,WRB,
i,O,28,convert,nsubj,PRP,
will,O,28,convert,aux,MD,
convert,O,20,look,advcl,VB,
our,O,32,family-phones,poss,PRP$,
other,O,32,family-phones,amod,JJ,
3,O,32,family-phones,nummod,CD,
family-phones,O,28,convert,dobj,NNS,family - phones
from,O,32,family-phones,prep,IN,
at&t,O,33,from,pobj,NNP,at & t
to,O,28,convert,prep,IN,
t-mobile,O,35,to,pobj,NNP,t - mobile
!,O,13,am,punct,.,
_,_,_,_,_,_,_
_,_,_,_,_,_,_
i,O,2,had,nsubj,PRP,
have,O,2,had,aux,VBP,
had,O,13,been,ccomp,VBN,
the,O,4,phone,det,DT,
phone,O,2,had,dobj,NN,
for,O,2,had,prep,IN,
1,O,7,week,nummod,CD,
week,O,5,for,pobj,NN,
",",O,13,been,punct,",",
the,O,11,quality,det,DT,
signal,B-ASP,11,quality,compound,JJ,
quality,I-ASP,13,been,nsubj,NN,
has,O,13,been,aux,VBZ,
been,O,13,been,ROOT,VBN,
great,B-OP,13,been,acomp,JJ,
in,O,13,been,prep,IN,
the,O,18,area,det,DT,
detroit,O,18,area,compound,NNP,
area,O,15,in,pobj,NN,
(,O,18,area,punct,-LRB-,
suburbs,O,18,area,appos,NNS,
),O,18,area,punct,-RRB-,
and,O,13,been,cc,CC,
in,O,37,experienced,prep,IN,
my,O,27,trip,poss,PRP$,
recent,O,27,trip,amod,JJ,
road,O,27,trip,compound,NN,
trip,O,23,in,pobj,NN,
between,O,27,trip,prep,IN,
detroit,O,28,between,pobj,NNP,
and,O,29,detroit,cc,CC,
northern,O,32,kentucky,compound,NNP,
kentucky,O,29,detroit,conj,NNP,
(,O,29,detroit,punct,-LRB-,
cincinnati,O,29,detroit,appos,NNP,
),O,37,experienced,punct,-RRB-,
i,O,37,experienced,nsubj,PRP,
experienced,O,13,been,conj,VBD,
perfect,B-OP,39,signal,amod,JJ,
signal,B-ASP,37,experienced,dobj,NN,
and,O,39,signal,cc,CC,
reception,B-ASP,39,signal,conj,NN,
along,O,39,signal,prep,IN,
i-75,O,44,",",dep,NNP,i - 75
",",O,39,signal,punct,",",
far,O,46,superior,advmod,RB,
superior,B-OP,39,signal,amod,JJ,
to,O,46,superior,prep,IN,
at,O,47,to,prep,IN,
&#38;,O,50,t,compound,NNP,& # 38 ;
t,O,55,work,nsubj,NNP,
's,O,50,t,case,POS,' s
which,O,55,work,nsubj,WDT,
does,O,55,work,aux,VBZ,
not,O,55,work,neg,RB,
work,O,55,work,ROOT,VB,
along,O,55,work,prep,IN,
several,O,59,stretches,amod,JJ,
long,O,59,stretches,amod,JJ,
stretches,O,56,along,pobj,NNS,
on,O,55,work,prep,IN,
that,O,63,route,det,DT,
same,O,63,route,amod,JJ,
route,O,60,on,pobj,NN,
.,O,55,work,punct,.,
_,_,_,_,_,_,_
_,_,_,_,_,_,_
i,O,2,owned,nsubj,PRP,
have,O,2,owned,aux,VBP,
owned,O,21,combines,ccomp,VBN,
motorola,O,2,owned,dobj,NNP,
",",O,3,motorola,punct,",",
panasonic,O,3,motorola,conj,NNP,pan ##as ##onic
and,O,5,panasonic,cc,CC,
nokia,O,8,phones,compound,NNP,
phones,O,5,panasonic,conj,NNS,
over,O,2,owned,prep,IN,
the,O,13,years,det,DT,
last,O,13,years,amod,JJ,
8,O,13,years,nummod,CD,
years,O,9,over,pobj,NNS,
and,O,2,owned,cc,CC,
generally,O,16,prefer,advmod,RB,
prefer,O,2,owned,conj,VBP,
nokia,O,16,prefer,dobj,NNP,
",",O,21,combines,punct,",",
this,O,20,phone,det,DT,
phone,O,21,combines,nsubj,NN,
combines,O,35,is,ccomp,VBZ,
many,O,21,combines,dobj,JJ,
of,O,22,many,prep,IN,
the,O,27,features,det,DT,
best,O,27,features,amod,JJS,
nokia,O,27,features,compound,NNP,
features,O,23,of,pobj,NNS,
",",O,35,is,punct,",",
the,O,31,feature,det,DT,
only,O,31,feature,amod,JJ,
feature,O,35,is,nsubj,NN,
missing,O,31,feature,acl,VBG,
for,O,32,missing,prep,IN,
me,O,33,for,pobj,PRP,
is,O,35,is,ROOT,VBZ,
the,O,38,recognition,det,DT,
voice,O,38,recognition,compound,NN,
recognition,O,35,is,attr,NN,
.,O,35,is,punct,.,
_,_,_,_,_,_,_
_,_,_,_,_,_,_
my,O,2,features,poss,PRP$,
favorite,B-OP,2,features,amod,JJ,
features,O,9,are,nsubj,NNS,
",",O,9,are,punct,",",
although,O,6,are,mark,IN,
there,O,6,are,expl,EX,
are,O,9,are,advcl,VBP,
many,O,6,are,attr,JJ,
",",O,9,are,punct,",",
are,O,9,are,ROOT,VBP,
the,O,12,phone,det,DT,
speaker,B-ASP,12,phone,compound,NN,
phone,I-ASP,9,are,attr,NN,
",",O,12,phone,punct,",",
the,O,15,radio,det,DT,
radio,B-ASP,12,phone,appos,NN,
and,O,15,radio,cc,CC,
the,O,18,infrared,det,DT,
infrared,B-ASP,15,radio,conj,JJ,
.,O,9,are,punct,.,
_,_,_,_,_,_,_
_,_,_,_,_,_,_
the,O,2,phone,det,DT,
speaker,B-ASP,2,phone,compound,NN,
phone,I-ASP,3,is,nsubj,NN,
is,O,3,is,ROOT,VBZ,
very,O,5,functional,advmod,RB,
functional,B-OP,3,is,acomp,JJ,
and,O,3,is,cc,CC,
i,O,8,use,nsubj,PRP,
use,O,3,is,conj,VBP,
it,O,8,use,dobj,PRP,
in,O,8,use,prep,IN,
the,O,12,car,det,DT,
car,O,10,in,pobj,NN,
",",O,8,use,punct,",",
very,O,15,audible,advmod,RB,
audible,B-OP,8,use,advmod,JJ,
even,O,17,with,advmod,RB,
with,O,15,audible,prep,IN,
freeway,O,19,noise,compound,NN,
noise,O,17,with,pobj,NN,
.,O,8,use,punct,.,
_,_,_,_,_,_,_
_,_,_,_,_,_,_
the,O,1,infrared,det,DT,
infrared,B-ASP,2,is,nsubj,NNP,
is,O,2,is,ROOT,VBZ,
a,O,4,blessing,det,DT,
blessing,O,2,is,attr,NN,
if,O,7,have,mark,IN,
you,O,7,have,nsubj,PRP,
have,O,2,is,advcl,VBP,
a,O,10,nokia,det,DT,
previous,O,10,nokia,amod,JJ,
nokia,O,7,have,dobj,NNP,
and,O,7,have,cc,CC,
want,O,7,have,conj,VBP,
to,O,14,transfer,aux,TO,
transfer,O,12,want,xcomp,VB,
your,O,18,book,poss,PRP$,
old,O,18,book,amod,JJ,
phone,O,18,book,compound,NN,
book,O,14,transfer,dobj,NN,
to,O,14,transfer,prep,IN,
this,O,21,phone,det,DT,
phone,O,19,to,pobj,NN,
",",O,23,saved,punct,",",
saved,O,2,is,conj,VBD,
me,O,23,saved,dative,PRP,
hours,O,23,saved,dobj,NNS,
of,O,25,hours,prep,IN,
re-entering,O,26,of,pcomp,VBG,re - entering
my,O,29,numbers,poss,PRP$,
numbers,O,27,re-entering,dobj,NNS,
.,O,2,is,punct,.,
_,_,_,_,_,_,_
_,_,_,_,_,_,_
the,O,1,combination,det,DT,
combination,O,16,is,nsubj,NN,
of,O,1,combination,prep,IN,
the,O,4,nokia,det,DT,
nokia,O,2,of,pobj,NNP,
6610,O,4,nokia,appos,CD,66 ##10
and,O,4,nokia,cc,CC,
t-mobile,O,8,service,compound,NNP,t - mobile
service,O,4,nokia,conj,NN,
(,O,8,service,punct,-LRB-,
signal,O,14,service,nmod,NN,
",",O,10,signal,punct,",",
price,O,14,service,nmod,NN,
",",O,12,price,punct,",",
service,O,4,nokia,appos,NN,
),O,4,nokia,punct,-RRB-,
is,O,22,recommend,ccomp,VBZ,
a,O,18,winner,det,DT,
winner,O,16,is,attr,NN,
",",O,22,recommend,punct,",",
i,O,22,recommend,nsubj,PRP,
highly,O,22,recommend,advmod,RB,
recommend,O,22,recommend,ROOT,VBP,
it,O,22,recommend,dobj,PRP,
.,O,22,recommend,punct,.,
_,_,_,_,_,_,_
_,_,_,_,_,_,_
the,O,1,day,det,DT,
day,O,3,arrived,nsubj,NN,
finally,O,3,arrived,advmod,RB,
arrived,O,3,arrived,ROOT,VBD,
when,O,6,was,advmod,WRB,
i,O,6,was,nsubj,PRP,
was,O,3,arrived,advcl,VBD,
sure,O,6,was,acomp,JJ,
i,O,10,leave,nsubj,PRP,
'd,O,10,leave,aux,MD,' d
leave,O,7,sure,ccomp,VB,
sprint,O,10,leave,dobj,NN,
.,O,3,arrived,punct,.,
_,_,_,_,_,_,_
_,_,_,_,_,_,_
after,O,14,seemed,prep,IN,
years,O,0,after,pobj,NNS,
with,O,1,years,prep,IN,
that,O,4,carrier,det,DT,
carrier,O,7,plans,poss,NN,
's,O,4,carrier,case,POS,' s
expensive,B-OP,7,plans,amod,JJ,
plans,B-ASP,2,with,pobj,NNS,
and,O,7,plans,cc,CC,
horrible,B-OP,11,service,amod,JJ,
customer,B-ASP,11,service,compound,NN,
service,I-ASP,7,plans,conj,NN,
",",O,14,seemed,punct,",",
portability,O,14,seemed,nsubj,NN,port ##ability
seemed,O,14,seemed,ROOT,VBD,
heaven-sent,O,14,seemed,oprd,JJ,heaven - sent
.,O,14,seemed,punct,.,
_,_,_,_,_,_,_
_,_,_,_,_,_,_
i,O,3,eyed,nsubj,PRP,
'd,O,3,eyed,aux,MD,' d
always,O,3,eyed,advmod,RB,
eyed,O,17,gave,ccomp,JJ,
the,O,6,phones,det,DT,
nokia,O,6,phones,compound,NNP,
phones,O,3,eyed,dobj,NNS,
and,O,3,eyed,cc,CC,
had,O,9,heard,aux,VBD,
heard,O,3,eyed,conj,VBN,
decent,O,11,things,amod,JJ,
things,O,9,heard,dobj,NNS,
about,O,11,things,prep,IN,
t-mobile,O,12,about,pobj,NNP,t - mobile
",",O,17,gave,punct,",",
so,O,17,gave,advmod,RB,
i,O,17,gave,nsubj,PRP,
gave,O,17,gave,ROOT,VBD,
it,O,17,gave,dative,PRP,
a,O,20,whirl,det,DT,
whirl,O,17,gave,dobj,NN,w ##hir ##l
.,O,17,gave,punct,.,
_,_,_,_,_,_,_
_,_,_,_,_,_,_
here,O,1,'s,advmod,RB,
's,O,1,'s,ROOT,VBZ,' s
the,O,4,synopsis,det,DT,
brief,O,4,synopsis,amod,JJ,
synopsis,O,1,'s,nsubj,NN,syn ##opsis
:,O,4,synopsis,punct,:,
the,O,7,phone,det,DT,
phone,O,8,is,nsubj,NN,
is,O,4,synopsis,acl,VBZ,
tiny,B-OP,11,cute,amod,JJ,
",",O,11,cute,punct,",",
cute,B-OP,8,is,acomp,JJ,
",",O,13,feels,punct,",",
feels,B-ASP,8,is,conj,VBZ,
kind,O,15,of,advmod,RB,
of,O,13,feels,prep,IN,
"""",O,17,plastic-like,punct,``,
plastic-like,B-OP,15,of,pobj,JJ,plastic - like
"""",O,13,feels,punct,'',
(,O,13,feels,punct,-LRB-,
as,O,24,break,mark,IN,
if,O,24,break,mark,IN,
it,O,24,break,nsubj,PRP,
might,O,24,break,aux,MD,
break,O,13,feels,advcl,VB,
),O,13,feels,punct,-RRB-,
",",O,8,is,punct,",",
but,O,8,is,cc,CC,
seems,O,8,is,conj,VBZ,
pretty,O,30,sturdy,advmod,RB,
sturdy,B-OP,28,seems,oprd,JJ,
.,O,1,'s,punct,.,
_,_,_,_,_,_,_
_,_,_,_,_,_,_
it,O,1,has,nsubj,PRP,
has,O,1,has,ROOT,VBZ,
lots,O,1,has,dobj,NNS,
of,O,2,lots,prep,IN,
little,O,6,features,amod,JJ,
cute,B-OP,6,features,amod,JJ,
features,O,3,of,pobj,NNS,
",",O,1,has,punct,",",
my,O,9,favorite,poss,PRP$,
favorite,B-OP,10,being,nsubj,JJ,
being,O,1,has,advcl,VBG,
the,O,12,games,det,DT,
games,B-ASP,10,being,attr,NNS,
and,O,12,games,cc,CC,
the,O,15,pim,det,DT,
pim,B-ASP,12,games,conj,NNP,pi ##m
(,O,19,manager,punct,-LRB-,
personal,O,18,information,amod,JJ,
information,O,19,manager,compound,NN,
manager,O,15,pim,appos,NN,
--,O,19,manager,punct,:,- -
i.e.,O,22,organizer,advmod,FW,i . e .
organizer,O,19,manager,appos,NN,
),O,19,manager,punct,-RRB-,
",",O,19,manager,punct,",",
and,O,19,manager,cc,CC,
the,O,27,radio,det,DT,
radio,B-ASP,19,manager,conj,NN,
!,O,1,has,punct,.,
_,_,_,_,_,_,_
_,_,_,_,_,_,_
i,O,1,spent,nsubj,PRP,
spent,O,1,spent,ROOT,VBD,
hours,O,1,spent,dobj,NNS,
setting,O,1,spent,xcomp,VBG,
up,O,3,setting,prt,RP,
the,O,6,stations,det,DT,
stations,O,3,setting,dobj,NNS,
(,O,8,accepts,punct,-LRB-,
accepts,O,1,spent,parataxis,VBZ,
about,O,8,accepts,prep,IN,
13-14,O,9,about,pobj,CD,13 - 14
",",O,13,believe,punct,",",
i,O,13,believe,nsubj,PRP,
believe,O,8,accepts,parataxis,VBP,
),O,13,believe,punct,-RRB-,
",",O,8,accepts,punct,",",
though,O,19,is,mark,IN,
the,O,18,reception,det,DT,
reception,B-ASP,19,is,nsubj,NN,
is,O,1,spent,advcl,VBZ,
unpredictable,B-OP,19,is,acomp,JJ,
.,O,1,spent,punct,.,
_,_,_,_,_,_,_
_,_,_,_,_,_,_
also,O,3,need,advmod,RB,
",",O,3,need,punct,",",
you,O,3,need,nsubj,PRP,
need,O,3,need,ROOT,VBP,
to,O,5,have,aux,TO,
have,O,3,need,xcomp,VB,
the,O,7,headset,det,DT,
headset,O,5,have,dobj,NN,heads ##et
plugged,O,7,headset,acl,VBN,plug ##ged
in,O,8,plugged,prep,IN,
all,O,12,time,predet,PDT,
the,O,12,time,det,DT,
time,O,9,in,pobj,NN,
to,O,14,have,aux,TO,
have,O,7,headset,acl,VB,
the,O,17,work,det,DT,
radio,O,17,work,compound,NN,
work,O,14,have,dobj,NN,
and,O,3,need,cc,CC,
that,O,21,get,nsubj,DT,
can,O,21,get,aux,MD,
get,O,3,need,conj,VB,
tedious,O,21,get,acomp,JJ,ted ##ious
.,O,21,get,punct,.,
_,_,_,_,_,_,_
_,_,_,_,_,_,_
the,O,1,headset,det,DT,
headset,O,7,has,nsubj,NN,heads ##et
that,O,3,comes,nsubj,WDT,
comes,O,1,headset,relcl,VBZ,
with,O,3,comes,prep,IN,
the,O,6,phone,det,DT,
phone,O,4,with,pobj,NN,
has,O,7,has,ROOT,VBZ,
good,B-OP,10,volume,amod,JJ,
sound,B-ASP,10,volume,amod,JJ,
volume,I-ASP,7,has,dobj,NN,
but,O,7,has,cc,CC,
it,O,13,hurts,nsubj,PRP,
hurts,O,7,has,conj,VBZ,
the,O,15,ears,det,DT,
ears,O,13,hurts,dobj,NNS,
like,O,19,imagine,mark,IN,
you,O,19,imagine,nsubj,PRP,
cannot,O,19,imagine,aux,VBP,
imagine,O,13,hurts,advcl,VB,
!,O,13,hurts,punct,.,
_,_,_,_,_,_,_
_,_,_,_,_,_,_
the,O,1,phone,det,DT,
phone,O,2,comes,nsubj,NN,
comes,O,2,comes,ROOT,VBZ,
with,O,2,comes,prep,IN,
okay,B-OP,5,ringtones,amod,JJ,
ringtones,B-ASP,3,with,pobj,NNS,ring ##tones
",",O,5,ringtones,punct,",",
some,O,9,backgrounds,det,DT,
decent,B-OP,9,backgrounds,amod,JJ,
backgrounds,B-ASP,11,screensavers,nmod,NNS,
/,O,11,screensavers,punct,SYM,
screensavers,B-ASP,5,ringtones,conj,NNS,screens ##aver ##s
",",O,2,comes,punct,",",
but,O,2,comes,cc,CC,
the,O,15,phone,det,DT,
phone,O,16,has,nsubj,NN,
has,O,2,comes,conj,VBZ,
very,O,18,little,advmod,RB,
little,B-OP,19,memory,amod,JJ,
memory,B-ASP,16,has,dobj,NN,
(,O,22,had,punct,-LRB-,
mine,O,22,had,nsubj,PRP,
had,O,34,have,ccomp,VBD,
230kb,O,22,had,dobj,VBN,230 ##k ##b
as,O,26,arrived,mark,IN,
it,O,26,arrived,nsubj,PRP,
arrived,O,22,had,advcl,VBD,
from,O,26,arrived,prep,IN,
amazon,O,27,from,pobj,NNP,
",",O,34,have,punct,",",
so,O,34,have,advmod,RB,
you,O,34,have,nsubj,PRP,
do,O,34,have,aux,VBP,
n't,O,34,have,neg,RB,n ' t
have,O,34,have,ROOT,VB,
too,O,36,many,advmod,RB,
many,O,37,options,amod,JJ,
options,O,34,have,dobj,NNS,
on,O,37,options,prep,IN,
what,O,42,put,dobj,WP,
you,O,42,put,nsubj,PRP,
can,O,42,put,aux,MD,
put,O,38,on,pcomp,VB,
on,O,42,put,prep,RP,
there,O,42,put,advmod,RB,
),O,34,have,punct,-RRB-,
.,O,34,have,punct,.,
_,_,_,_,_,_,_
_,_,_,_,_,_,_
the,O,1,colors,det,DT,
colors,B-ASP,5,are,nsubj,NNS,
on,O,1,colors,prep,IN,
the,O,4,screen,det,DT,
screen,B-ASP,2,on,pobj,NN,
are,O,5,are,ROOT,VBP,
not,O,5,are,neg,RB,
as,O,8,crisp,advmod,RB,
crisp,B-OP,5,are,acomp,JJ,
as,O,13,liked,mark,IN,
i,O,13,liked,nsubj,PRP,
'd,O,13,liked,aux,MD,' d
have,O,13,liked,aux,VB,
liked,O,8,crisp,advcl,VBN,
them,O,16,be,nsubj,PRP,
to,O,16,be,aux,TO,
be,O,13,liked,ccomp,VB,
.,O,5,are,punct,.,
_,_,_,_,_,_,_
_,_,_,_,_,_,_
however,O,3,serves,advmod,RB,
",",O,3,serves,punct,",",
it,O,3,serves,nsubj,PRP,
serves,O,3,serves,ROOT,VBZ,
its,O,5,purpose,poss,PRP$,
purpose,O,3,serves,dobj,NN,
.,O,3,serves,punct,.,
_,_,_,_,_,_,_
_,_,_,_,_,_,_
the,O,1,backlight,det,DT,
backlight,B-ASP,5,goes,nsubj,NN,back ##light
on,O,1,backlight,prep,IN,
the,O,4,phone,det,DT,
phone,O,2,on,pobj,NN,
goes,O,5,goes,ROOT,VBZ,
off,O,5,goes,prt,RP,
way,O,9,quickly,advmod,RB,
too,O,9,quickly,advmod,RB,
quickly,O,5,goes,advmod,RB,
(,O,11,dangerous,punct,-LRB-,
dangerous,O,5,goes,advcl,JJ,
when,O,15,driving,advmod,WRB,
you,O,15,driving,nsubj,PRP,
're,O,15,driving,aux,VBP,' re
driving,O,11,dangerous,advcl,VBG,
at,O,15,driving,prep,IN,
night,O,16,at,pobj,NN,
),O,5,goes,punct,-RRB-,
",",O,5,goes,punct,",",
and,O,5,goes,cc,CC,
there,O,22,'s,expl,EX,
's,O,5,goes,conj,VBZ,' s
no,O,24,way,det,DT,
way,O,22,'s,attr,NN,
to,O,26,change,aux,TO,
change,O,24,way,relcl,VB,
this,O,26,change,dobj,DT,
--,O,22,'s,punct,.,- -
_,_,_,_,_,_,_
_,_,_,_,_,_,_
i,O,1,checked,nsubj,PRP,
checked,O,1,checked,ROOT,VBD,
with,O,1,checked,prep,IN,
nokia,O,2,with,pobj,NNP,
.,O,1,checked,punct,.,
_,_,_,_,_,_,_
_,_,_,_,_,_,_
the,O,1,buttons,det,DT,
buttons,B-ASP,5,are,nsubj,NNS,
on,O,1,buttons,prep,IN,
the,O,4,phone,det,DT,
phone,O,2,on,pobj,NN,
are,O,5,are,ROOT,VBP,
small,B-OP,5,are,acomp,JJ,
",",O,5,are,punct,",",
even,O,9,for,advmod,RB,
for,O,5,are,prep,IN,
my,O,12,fingertips,poss,PRP$,
small,B-OP,12,fingertips,amod,JJ,
fingertips,O,9,for,pobj,NNS,
",",O,5,are,punct,",",
but,O,5,are,cc,CC,
you,O,16,get,nsubj,PRP,
get,O,5,are,conj,VBP,
used,O,16,get,acomp,JJ,
to,O,17,used,prep,IN,
them,O,18,to,pobj,PRP,
rather,O,21,quickly,advmod,RB,
quickly,O,17,used,advmod,RB,
.,O,16,get,punct,.,
_,_,_,_,_,_,_
_,_,_,_,_,_,_
the,O,2,options,det,DT,
menu,B-ASP,2,options,compound,NN,
options,I-ASP,3,are,nsubj,NNS,
are,O,22,have,ccomp,VBP,
uncreative,B-OP,3,are,acomp,JJ,un ##cre ##ative
",",O,3,are,punct,",",
as,O,10,see,mark,IN,
you,O,10,see,nsubj,PRP,
can,O,10,see,aux,MD,
't,O,10,see,aux,RB,' t
see,O,3,are,advcl,VB,
a,O,13,screen,det,DT,
full,O,13,screen,amod,JJ,
screen,O,10,see,dobj,NN,
of,O,13,screen,prep,IN,
menu,O,16,items,compound,NN,
items,O,14,of,pobj,NNS,
to,O,18,pick,aux,TO,
pick,O,16,items,relcl,VB,
from,O,18,pick,prep,IN,
;,O,22,have,punct,:,
you,O,22,have,nsubj,PRP,
have,O,22,have,ROOT,VBP,
to,O,24,scroll,aux,TO,
scroll,O,22,have,xcomp,VB,
up,O,24,scroll,prt,RP,
and,O,25,up,cc,CC,
down,O,25,up,conj,RB,
to,O,29,find,aux,TO,
find,O,24,scroll,advcl,VB,
what,O,34,for,pobj,WP,
you,O,33,looking,nsubj,PRP,
're,O,33,looking,aux,VBP,' re
looking,O,29,find,ccomp,VBG,
for,O,33,looking,prep,IN,
(,O,39,is,punct,-LRB-,
yes,O,39,is,intj,UH,
",",O,39,is,punct,",",
this,O,39,is,nsubj,DT,
is,O,22,have,conj,VBZ,
minor,O,39,is,acomp,JJ,
",",O,39,is,punct,",",
but,O,47,trying,cc,CC,
not,O,47,trying,neg,RB,
when,O,47,trying,advmod,WRB,
you,O,47,trying,nsubj,PRP,
're,O,47,trying,aux,VBP,' re
trying,O,47,trying,ROOT,VBG,
to,O,49,keep,aux,TO,
keep,O,47,trying,xcomp,VB,
your,O,51,eye,poss,PRP$,
eye,O,49,keep,dobj,NN,
on,O,49,keep,prep,IN,
the,O,54,road,det,DT,
road,O,52,on,pobj,NN,
!,O,47,trying,punct,.,
),O,47,trying,punct,-RRB-,
.,O,47,trying,punct,.,
_,_,_,_,_,_,_
_,_,_,_,_,_,_
more,O,1,downside,advmod,RBR,
downside,O,1,downside,ROOT,JJ,downs ##ide
to,O,1,downside,prep,IN,
this,O,4,phone,det,DT,
phone,O,2,to,pobj,NN,
?,O,1,downside,punct,.,
_,_,_,_,_,_,_
_,_,_,_,_,_,_
the,O,1,volume,det,DT,
volume,B-ASP,1,volume,ROOT,NN,
.,O,1,volume,punct,.,
_,_,_,_,_,_,_
_,_,_,_,_,_,_
oh,O,0,oh,ROOT,UH,
my,O,0,oh,intj,UH,
goodness,O,0,oh,intj,UH,
--,O,0,oh,punct,.,- -
_,_,_,_,_,_,_
_,_,_,_,_,_,_
i,O,1,have,nsubj,PRP,
have,O,1,have,ROOT,VBP,
excellent,O,3,hearing,amod,JJ,
hearing,O,1,have,dobj,NN,
but,O,1,have,cc,CC,
the,O,7,level,det,DT,
volume,B-ASP,7,level,compound,NN,
level,I-ASP,11,is,nsubj,NN,
on,O,7,level,prep,IN,
this,O,10,phone,det,DT,
phone,O,8,on,pobj,NN,
is,O,1,have,conj,VBZ,
especially,O,13,quiet,advmod,RB,
quiet,B-OP,11,is,acomp,JJ,
.,O,11,is,punct,.,
_,_,_,_,_,_,_
_,_,_,_,_,_,_
forget,O,11,hear,advcl,VB,
talking,O,0,forget,xcomp,VBG,
on,O,1,talking,prep,IN,
it,O,2,on,pobj,PRP,
in,O,1,talking,prep,IN,
public,O,4,in,pobj,NN,
--,O,11,hear,punct,:,- -
you,O,11,hear,nsubj,PRP,
just,O,11,hear,advmod,RB,
can,O,11,hear,aux,MD,
't,O,11,hear,nsubj,RB,' t
hear,O,11,hear,ROOT,VB,
the,O,14,person,det,DT,
other,O,14,person,amod,JJ,
person,O,11,hear,dobj,NN,
!,O,11,hear,punct,.,
_,_,_,_,_,_,_
_,_,_,_,_,_,_
on,O,6,has,prep,IN,
the,O,2,up-side,det,DT,
up-side,O,0,on,pobj,NN,up - side
",",O,6,has,punct,",",
the,O,5,phone,det,DT,
phone,O,6,has,nsubj,NN,
has,O,6,has,ROOT,VBZ,
amazing,B-OP,9,life,amod,JJ,
battery,B-ASP,9,life,compound,NN,
life,I-ASP,6,has,dobj,NN,
.,O,6,has,punct,.,
_,_,_,_,_,_,_
_,_,_,_,_,_,_
i,O,1,do,nsubj,PRP,
do,O,1,do,ROOT,VBP,
like,B-OP,1,do,intj,VB,
this,O,4,phone,det,DT,
phone,B-ASP,2,like,pobj,NN,
overall,O,1,do,advmod,NN,
(,O,8,give,punct,-LRB-,
would,O,8,give,aux,MD,
give,O,1,do,parataxis,VB,
it,O,8,give,dative,PRP,
a,O,11,3.5,det,DT,
3.5,O,8,give,dobj,CD,3 . 5
),O,8,give,punct,-RRB-,
",",O,1,do,punct,",",
but,O,1,do,cc,CC,
unforutnately,O,19,returning,advmod,RB,un ##for ##ut ##nate ##ly
",",O,19,returning,punct,",",
i,O,19,returning,nsubj,PRP,
am,O,19,returning,aux,VBP,
returning,O,1,do,conj,VBG,
it,O,19,returning,dobj,PRP,
.,O,19,returning,punct,.,
_,_,_,_,_,_,_
_,_,_,_,_,_,_
i,O,1,was,nsubj,PRP,
was,O,1,was,ROOT,VBD,
surprised,O,1,was,acomp,VBN,
by,O,2,surprised,agent,IN,
t-mobile,O,6,service,poss,NNP,t - mobile
's,O,4,t-mobile,case,POS,' s
service,O,3,by,pobj,NN,
.,O,1,was,punct,.,
_,_,_,_,_,_,_
_,_,_,_,_,_,_
i,O,1,assumed,nsubj,PRP,
assumed,O,1,assumed,ROOT,VBD,
they,O,3,had,nsubj,PRP,
had,O,1,assumed,ccomp,VBD,
exceptional,O,5,service,amod,JJ,
service,O,3,had,dobj,NN,
",",O,1,assumed,punct,",",
but,O,1,assumed,cc,CC,
their,O,9,reception,poss,PRP$,
reception,B-ASP,17,is,nsubj,NN,
in,O,9,reception,prep,IN,
my,O,12,area,poss,PRP$,
area,O,10,in,pobj,NN,
(,O,12,area,punct,-LRB-,
los,O,15,angeles,compound,NNP,
angeles,O,12,area,appos,NNP,
),O,12,area,punct,-RRB-,
is,O,1,assumed,conj,VBZ,
horrendous,B-OP,17,is,acomp,JJ,ho ##rre ##ndo ##us
.,O,17,is,punct,.,
_,_,_,_,_,_,_
_,_,_,_,_,_,_
they,O,1,piggy-back,nsubj,PRP,
piggy-back,O,1,piggy-back,ROOT,VBP,pig ##gy - back
on,O,1,piggy-back,prep,IN,
cingular,O,5,service,poss,NNP,ci ##ng ##ular
's,O,3,cingular,case,POS,' s
service,O,2,on,pobj,NN,
.,O,1,piggy-back,punct,.,
_,_,_,_,_,_,_
_,_,_,_,_,_,_
also,O,14,works,advmod,RB,
",",O,14,works,punct,",",
their,O,3,t-zones,poss,PRP$,
t-zones,B-ASP,1,",",pobj,NNS,t - zones
",",O,3,t-zones,punct,",",
although,O,6,cheap,mark,IN,
cheap,B-OP,14,works,advcl,JJ,
(,O,6,cheap,punct,-LRB-,
$,O,11,mo.,nmod,$,
4.99,O,11,mo.,nummod,CD,4 . 99
/,O,11,mo.,punct,SYM,
mo.,O,6,cheap,npadvmod,NNP,mo .
),O,6,cheap,punct,-RRB-,
never,O,14,works,neg,RB,
works,O,14,works,ROOT,VBZ,
.,O,14,works,punct,.,
_,_,_,_,_,_,_
_,_,_,_,_,_,_
since,O,2,received,mark,IN,
i,O,2,received,nsubj,PRP,
received,O,7,spent,advcl,VBD,
the,O,4,phone,det,DT,
phone,O,2,received,dobj,NN,
",",O,7,spent,punct,",",
i,O,7,spent,nsubj,PRP,
spent,O,7,spent,ROOT,VBD,
countless,O,9,hours,amod,JJ,
hours,O,7,spent,dobj,NNS,
on,O,7,spent,prep,IN,
the,O,12,phone,det,DT,
phone,O,10,on,pobj,NN,
with,O,7,spent,prep,IN,
customer,B-ASP,15,service,compound,NN,
service,I-ASP,16,reps,compound,NN,
reps,I-ASP,13,with,pobj,NNS,rep ##s
who,O,18,promised,nsubj,WP,
promised,O,16,reps,relcl,VBD,
t-zones,O,18,promised,dobj,NNP,t - zones
would,O,21,work,aux,MD,
work,O,7,spent,conj,VB,
"""",O,21,work,punct,'',
in,O,21,work,prep,IN,
24,O,25,hours,nummod,CD,
hours,O,23,in,pobj,NNS,
"""",O,21,work,punct,'',
.,O,7,spent,punct,.,
_,_,_,_,_,_,_
_,_,_,_,_,_,_
i,O,3,heard,nsubj,PRP,
must,O,3,heard,aux,MD,
have,O,3,heard,aux,VB,
heard,O,3,heard,ROOT,VBN,
this,O,3,heard,dobj,DT,
about,O,7,dozen,quantmod,IN,
a,O,7,dozen,quantmod,DT,
dozen,O,8,times,nummod,NN,
times,O,3,heard,npadvmod,NNS,
over,O,3,heard,prep,IN,
the,O,11,span,det,DT,
span,O,9,over,pobj,NN,
of,O,11,span,prep,IN,
2,O,14,weeks,nummod,CD,
weeks,O,12,of,pobj,NNS,
",",O,11,span,punct,",",
when,O,19,worked,advmod,WRB,
t-zones,B-ASP,19,worked,nsubj,NNP,t - zones
never,O,19,worked,neg,RB,
worked,O,11,span,relcl,VBD,
.,O,3,heard,punct,.,
_,_,_,_,_,_,_
_,_,_,_,_,_,_
24,O,1,hours,nummod,CD,
hours,O,1,hours,ROOT,NNS,
?,O,1,hours,punct,.,
_,_,_,_,_,_,_
_,_,_,_,_,_,_
by,O,5,martian,prep,IN,
what,O,3,standards,det,WDT,
time,O,3,standards,compound,NN,
standards,O,0,by,pcomp,NNS,
--,O,5,martian,punct,:,- -
martian,O,5,martian,ROOT,JJ,
?,O,5,martian,punct,.,
_,_,_,_,_,_,_
_,_,_,_,_,_,_
apparently,O,3,is,advmod,RB,
",",O,3,is,punct,",",
t-mobile,B-ASP,3,is,nsubj,NNP,t - mobile
is,O,3,is,ROOT,VBZ,
heavily,O,5,back-logged,advmod,RB,
back-logged,O,3,is,acomp,JJ,back - logged
and,O,3,is,cc,CC,
can,O,9,keep,aux,MD,
't,O,9,keep,dep,RB,' t
keep,O,3,is,conj,VB,
up,O,9,keep,prt,RP,
with,O,9,keep,prep,IN,
demands,O,11,with,pobj,NNS,
.,O,3,is,punct,.,
_,_,_,_,_,_,_
_,_,_,_,_,_,_
also,O,4,forgotten,advmod,RB,
",",O,4,forgotten,punct,",",
they,O,4,forgotten,nsubj,PRP,
'd,O,4,forgotten,aux,MD,' d
forgotten,O,4,forgotten,ROOT,VBN,
to,O,6,add,aux,TO,
add,O,4,forgotten,xcomp,VB,
"""",O,10,capability,punct,``,
wap,O,10,capability,nmod,NN,wa ##p
"""",O,10,capability,punct,'',
capability,O,6,add,dobj,NN,
to,O,6,add,prep,IN,
my,O,13,service,poss,PRP$,
service,O,11,to,pobj,NN,
(,O,13,service,punct,-LRB-,
duh,O,13,service,appos,UH,du ##h
),O,13,service,punct,-RRB-,
",",O,4,forgotten,punct,",",
so,O,20,took,mark,IN,
that,O,20,took,nsubj,DT,
took,O,4,forgotten,advcl,VBD,
another,O,23,days,det,DT,
04-May,O,23,days,nummod,CD,04-May
days,O,20,took,dobj,NNS,
of,O,23,days,prep,IN,
figuring,O,24,of,pcomp,VBG,
out,O,25,figuring,prt,RP,
.,O,4,forgotten,punct,.,
_,_,_,_,_,_,_
_,_,_,_,_,_,_
in,O,6,are,prep,IN,
all,O,2,fairness,det,DT,
fairness,O,0,in,pobj,NN,
",",O,6,are,punct,",",
customer,B-ASP,5,reps,compound,NN,
reps,I-ASP,6,are,nsubj,NNS,rep ##s
are,O,6,are,ROOT,VBP,
very,O,8,nice,advmod,RB,
nice,B-OP,6,are,acomp,JJ,
",",O,6,are,punct,",",
and,O,6,are,cc,CC,
they,O,17,try,nsubj,PRP,
(,O,11,they,punct,-LRB-,
most,O,11,they,appos,JJS,
of,O,13,most,prep,IN,
them,O,14,of,pobj,PRP,
),O,11,they,punct,-RRB-,
try,O,6,are,conj,VB,
hard,O,17,try,advmod,RB,
to,O,20,answer,aux,TO,
answer,O,17,try,xcomp,VB,
your,O,22,questions,poss,PRP$,
questions,O,20,answer,dobj,NNS,
.,O,17,try,punct,.,
_,_,_,_,_,_,_
_,_,_,_,_,_,_
but,O,3,have,cc,CC,
they,O,3,have,nsubj,PRP,
do,O,3,have,aux,VBP,
have,O,3,have,ROOT,VB,
this,O,6,habit,det,DT,
annoying,O,6,habit,amod,JJ,
habit,O,3,have,dobj,NN,
of,O,6,habit,prep,IN,
asking,O,7,of,pcomp,VBG,
you,O,8,asking,dobj,PRP,
if,O,13,answered,mark,IN,
they,O,13,answered,nsubj,PRP,
've,O,13,answered,aux,VBP,' ve
answered,O,8,asking,advcl,VBN,
all,O,16,questions,predet,PDT,
your,O,16,questions,poss,PRP$,
questions,O,13,answered,dobj,NNS,
",",O,13,answered,punct,",",
even,O,21,did,advmod,RB,
if,O,21,did,mark,IN,
they,O,21,did,nsubj,PRP,
did,O,13,answered,advcl,VBD,
n't,O,21,did,neg,RB,n ' t
",",O,13,answered,punct,",",
to,O,28,seem,prep,TO,
which,O,24,to,pobj,WDT,
they,O,28,seem,nsubj,PRP,
always,O,28,seem,advmod,RB,
seem,O,6,habit,relcl,VBP,
to,O,30,expect,aux,TO,
expect,O,28,seem,xcomp,VB,
a,O,35,answer,det,DT,
"""",O,35,answer,punct,``,
yes,O,35,answer,intj,UH,
"""",O,35,answer,punct,'',
answer,O,30,expect,dobj,NN,
from,O,35,answer,prep,IN,
you,O,36,from,pobj,PRP,
.,O,3,have,punct,.,
_,_,_,_,_,_,_
_,_,_,_,_,_,_
i,O,1,realize,nsubj,PRP,
realize,O,1,realize,ROOT,VBP,
this,O,3,is,nsubj,DT,
is,O,1,realize,ccomp,VBZ,
for,O,3,is,prep,IN,
quality,O,7,purposes,compound,NN,
assurance,O,7,purposes,compound,NN,
purposes,O,4,for,pobj,NNS,
",",O,1,realize,punct,",",
but,O,1,realize,cc,CC,
i,O,12,have,nsubj,PRP,
should,O,12,have,aux,MD,
have,O,1,realize,conj,VB,
the,O,14,right,det,DT,
right,O,12,have,dobj,NN,
to,O,16,say,aux,TO,
say,O,14,right,acl,VB,
when,O,23,answered,advmod,WRB,
my,O,19,questions,poss,PRP$,
questions,O,23,answered,nsubjpass,NNS,
have,O,23,answered,aux,VBP,
not,O,23,answered,neg,RB,
been,O,23,answered,auxpass,VBN,
answered,O,16,say,ccomp,VBN,
(,O,23,answered,punct,-LRB-,
i.e.,O,26,me,advmod,FW,i . e .
me,O,23,answered,dep,PRP,
:,O,12,have,punct,:,
_,_,_,_,_,_,_
_,_,_,_,_,_,_
"""",O,5,work,punct,``,
when,O,5,work,advmod,WRB,
will,O,5,work,aux,MD,
my,O,5,work,poss,PRP$,
t-zones,O,5,work,compound,NNP,t - zones
work,O,5,work,ROOT,VB,
?,O,5,work,punct,.,
"""",O,5,work,punct,'',
",",O,9,csr,punct,",",
csr,O,9,csr,ROOT,NNP,cs ##r
:,O,9,csr,punct,:,
_,_,_,_,_,_,_
_,_,_,_,_,_,_
"""",O,0,"""",ROOT,``,
i,O,2,'m,nsubj,PRP,
'm,O,0,"""",meta,VBP,' m
not,O,2,'m,neg,RB,
sure,O,2,'m,acomp,JJ,
"""",O,2,'m,punct,'',
.,O,2,'m,punct,.,
),O,2,'m,punct,-RRB-,
.,O,2,'m,punct,.,
_,_,_,_,_,_,_
_,_,_,_,_,_,_
umm,O,4,thanks,intj,UH,
",",O,4,thanks,punct,",",
well,O,4,thanks,intj,UH,
",",O,4,thanks,punct,",",
thanks,O,4,thanks,ROOT,NNS,
for,O,4,thanks,prep,IN,
nothing,O,5,for,pobj,NN,
.,O,4,thanks,punct,.,
_,_,_,_,_,_,_
_,_,_,_,_,_,_
this,O,2,csr,det,DT,
one,O,2,csr,nummod,CD,
csr,O,3,insisted,nsubj,NNP,cs ##r
insisted,O,3,insisted,ROOT,VBD,
on,O,3,insisted,prep,IN,
trying,O,4,on,pcomp,VBG,
to,O,7,get,aux,TO,
get,O,5,trying,xcomp,VB,
me,O,10,say,nsubj,PRP,
to,O,10,say,aux,TO,
say,O,7,get,ccomp,VB,
that,O,14,answered,mark,IN,
he,O,14,answered,nsubj,PRP,
'd,O,14,answered,aux,VBD,' d
answered,O,10,say,ccomp,VBN,
all,O,17,questions,predet,PDT,
my,O,17,questions,poss,PRP$,
questions,O,14,answered,dobj,NNS,
(,O,17,questions,punct,-LRB-,
same,O,20,interaction,amod,JJ,
interaction,O,17,questions,appos,NN,
as,O,24,described,mark,IN,
i,O,24,described,nsubj,PRP,
just,O,24,described,advmod,RB,
described,O,20,interaction,advcl,VBD,
),O,17,questions,punct,-RRB-,
",",O,14,answered,punct,",",
and,O,14,answered,cc,CC,
well,O,28,well,ROOT,UH,
..,O,28,well,punct,NFP,. .
.,O,28,well,punct,.,
_,_,_,_,_,_,_
_,_,_,_,_,_,_
that,O,1,was,nsubj,DT,
was,O,1,was,ROOT,VBD,
annoying,O,1,was,acomp,JJ,
.,O,1,was,punct,.,
_,_,_,_,_,_,_
_,_,_,_,_,_,_
t-mobile,B-ASP,2,trying,nsubj,NNP,t - mobile
is,O,2,trying,aux,VBZ,
trying,O,2,trying,ROOT,VBG,
very,O,4,hard,advmod,RB,
hard,O,2,trying,advmod,RB,
",",O,2,trying,punct,",",
and,O,2,trying,cc,CC,
again,O,11,have,advmod,RB,
--,O,11,have,punct,:,- -
they,O,11,have,nsubj,PRP,
do,O,11,have,aux,VBP,
have,O,2,trying,conj,VB,
pretty,O,13,good,advmod,RB,
good,B-OP,14,csr,amod,JJ,
csr,B-ASP,11,have,dobj,NNP,cs ##r
's,O,14,csr,case,POS,' s
.,O,11,have,punct,.,
_,_,_,_,_,_,_
_,_,_,_,_,_,_
however,O,5,drop,advmod,RB,
",",O,5,drop,punct,",",
the,O,3,calls,det,DT,
calls,B-ASP,5,drop,nsubj,NNS,
constantly,O,5,drop,advmod,RB,
drop,O,5,drop,ROOT,VBP,
in,O,5,drop,prep,IN,
my,O,8,area,poss,PRP$,
area,O,6,in,pobj,NN,
and,O,5,drop,cc,CC,
i,O,11,experince,nsubj,PRP,
experince,O,5,drop,conj,NN,ex ##per ##in ##ce
mega-static,O,11,experince,dobj,NN,mega - static
",",O,11,experince,punct,",",
to,O,11,experince,prep,IN,
the,O,16,point,det,DT,
point,O,14,to,pobj,NN,
where,O,20,have,advmod,WRB,
i,O,20,have,nsubj,PRP,
'd,O,20,have,aux,MD,' d
have,O,16,point,relcl,VB,
to,O,22,dial,aux,TO,
dial,O,20,have,xcomp,VB,
numbers,O,22,dial,dobj,NNS,
06-Jul,O,25,times,nummod,CD,06-Jul
times,O,22,dial,npadvmod,NNS,
to,O,27,get,aux,TO,
get,O,22,dial,advcl,VB,
a,O,30,line,det,DT,
clear,O,30,line,amod,JJ,
line,O,27,get,dobj,NN,
.,O,11,experince,punct,.,
_,_,_,_,_,_,_
_,_,_,_,_,_,_
and,O,2,t-zones,cc,CC,
no,O,2,t-zones,det,DT,
t-zones,O,2,t-zones,ROOT,NNP,t - zones
.,O,2,t-zones,punct,.,
_,_,_,_,_,_,_
_,_,_,_,_,_,_
so,O,2,'s,advmod,RB,
what,O,2,'s,attr,WP,
's,O,2,'s,ROOT,VBZ,' s
the,O,4,point,det,DT,
point,O,2,'s,nsubj,NN,
?,O,2,'s,punct,.,
_,_,_,_,_,_,_
_,_,_,_,_,_,_
i,O,2,staying,nsubj,PRP,
'm,O,2,staying,aux,VBP,' m
staying,O,2,staying,ROOT,VBG,
with,O,2,staying,prep,IN,
sprint,O,3,with,pobj,NN,
",",O,2,staying,punct,",",
and,O,2,staying,cc,CC,
though,O,9,fear,mark,IN,
i,O,9,fear,nsubj,PRP,
fear,O,27,is,advcl,VBP,
that,O,13,is,mark,IN,
their,O,12,csr,poss,PRP$,
csr,O,13,is,nsubj,NN,cs ##r
is,O,9,fear,ccomp,VBZ,
n't,O,13,is,neg,RB,n ' t
nearly,O,17,good,advmod,RB,
as,O,17,good,advmod,RB,
good,O,13,is,acomp,JJ,
as,O,17,good,prep,IN,
t-mobile,O,18,as,pobj,NNP,t - mobile
's,O,19,t-mobile,case,POS,' s
",",O,27,is,punct,",",
the,O,23,clarity,det,DT,
clarity,O,27,is,nsubj,NN,
of,O,23,clarity,prep,IN,
their,O,26,reception,poss,PRP$,
reception,B-ASP,24,of,pobj,NN,
is,O,2,staying,conj,VBZ,
exceptional,B-OP,27,is,acomp,JJ,
.,O,27,is,punct,.,
_,_,_,_,_,_,_
_,_,_,_,_,_,_
i,O,2,bought,nsubj,PRP,
've,O,2,bought,aux,VBP,' ve
bought,O,2,bought,ROOT,VBN,
the,O,7,5500/vm4500,det,DT,
very,O,5,expensive,advmod,RB,
expensive,O,7,5500/vm4500,amod,JJ,
sanyo,O,7,5500/vm4500,compound,NNP,san ##yo
5500/vm4500,O,2,bought,dobj,NNP,550 ##0 / v ##m ##45 ##00
--,O,7,5500/vm4500,punct,:,- -
which,O,11,love,dobj,WDT,
i,O,11,love,nsubj,PRP,
love,O,7,5500/vm4500,relcl,VBP,
--,O,2,bought,punct,:,- -
and,O,2,bought,cc,CC,
i,O,15,'m,nsubj,PRP,
'm,O,2,bought,conj,VBP,' m
okay,O,15,'m,acomp,JJ,
with,O,16,okay,prep,IN,
my,O,19,services,poss,PRP$,
services,O,17,with,pobj,NNS,
.,O,15,'m,punct,.,
_,_,_,_,_,_,_
_,_,_,_,_,_,_
guess,O,0,guess,ROOT,VB,
all,O,4,is,nsubj,DT,
that,O,3,glitters,det,WDT,
glitters,O,1,all,relcl,VBZ,glitter ##s
is,O,0,guess,ccomp,VBZ,
not,O,4,is,neg,RB,
gold,O,4,is,attr,JJ,
.,O,0,guess,punct,.,
_,_,_,_,_,_,_
_,_,_,_,_,_,_
it,O,1,was,nsubj,PRP,
was,O,1,was,ROOT,VBD,
worth,O,1,was,acomp,JJ,
a,O,4,shot,det,DT,
shot,O,2,worth,npadvmod,NN,
--,O,1,was,punct,:,- -
too,O,7,bad,advmod,RB,
bad,O,1,was,acomp,JJ,
it,O,11,work,nsubj,PRP,
did,O,11,work,aux,VBD,
n't,O,11,work,neg,RB,n ' t
work,O,7,bad,ccomp,VB,
out,O,11,work,prt,RP,
.,O,1,was,punct,.,
_,_,_,_,_,_,_
_,_,_,_,_,_,_
hope,O,0,hope,ROOT,VBP,
someone,O,3,has,nsubj,NN,
else,O,1,someone,advmod,RB,
has,O,0,hope,ccomp,VBZ,
better,O,5,luck,amod,JJR,
luck,O,3,has,dobj,NN,
!,O,0,hope,punct,.,
_,_,_,_,_,_,_
_,_,_,_,_,_,_
i,O,1,bought,nsubj,PRP,
bought,O,1,bought,ROOT,VBD,
one,O,1,bought,dobj,CD,
of,O,2,one,prep,IN,
these,O,5,phones,det,DT,
phones,O,3,of,pobj,NNS,
in,O,5,phones,prep,IN,
kuwait,O,6,in,pobj,NNP,
to,O,9,use,aux,TO,
use,O,1,bought,advcl,VB,
with,O,9,use,prep,IN,
the,O,16,ez,det,DT,
mtc,O,16,ez,compound,NNP,mt ##c
prepaid,O,14,telephone,compound,NNP,prep ##aid
telephone,O,15,service,compound,NNP,
service,O,16,ez,compound,NNP,
ez,O,10,with,pobj,NNP,e ##z
because,O,20,be,mark,IN,
i,O,20,be,nsubj,PRP,
would,O,20,be,aux,MD,
be,O,1,bought,advcl,VB,
able,O,20,be,acomp,JJ,
to,O,23,use,aux,TO,
use,O,21,able,xcomp,VB,
it,O,23,use,dobj,PRP,
when,O,27,return,advmod,WRB,
i,O,27,return,nsubj,PRP,
return,O,23,use,advcl,VBP,
to,O,27,return,prep,IN,
the,O,30,states,det,DT,
states,O,28,to,pobj,NNS,
with,O,27,return,prep,IN,
t-mobile,O,31,with,pobj,NNP,t - mobile
.,O,1,bought,punct,.,
_,_,_,_,_,_,_
_,_,_,_,_,_,_
recently,O,3,washed,advmod,RB,
i,O,3,washed,nsubj,PRP,
accidently,O,3,washed,advmod,RB,accident ##ly
washed,O,3,washed,ROOT,VBD,
my,O,5,telephone,poss,PRP$,
telephone,O,3,washed,dobj,NN,
with,O,3,washed,prep,IN,
my,O,8,laundry,poss,PRP$,
laundry,O,6,with,pobj,NN,
through,O,3,washed,prep,IN,
two,O,15,cycles,nummod,CD,
complete,O,15,cycles,amod,JJ,
18,O,13,minute,nummod,CD,
minute,O,15,cycles,compound,NN,
wash,O,15,cycles,compound,NN,
cycles,O,9,through,pobj,NNS,
of,O,15,cycles,prep,IN,
a,O,19,machine,det,DT,
washing,O,19,machine,amod,NN,
machine,O,16,of,pobj,NN,
.,O,3,washed,punct,.,
_,_,_,_,_,_,_
_,_,_,_,_,_,_
disgusted,O,17,was,advcl,VBN,
with,O,0,disgusted,prep,IN,
myself,O,1,with,pobj,PRP,
after,O,5,found,mark,IN,
i,O,5,found,nsubj,PRP,
found,O,0,disgusted,advcl,VBD,
the,O,7,phone,det,DT,
phone,O,5,found,dobj,NN,
in,O,7,phone,prep,IN,
the,O,10,bottom,det,DT,
bottom,O,8,in,pobj,NN,
of,O,10,bottom,prep,IN,
the,O,14,machine,det,DT,
washing,O,14,machine,compound,NN,
machine,O,11,of,pobj,NN,
",",O,17,was,punct,",",
i,O,17,was,nsubj,PRP,
was,O,17,was,ROOT,VBD,
about,O,17,was,acomp,JJ,
to,O,20,throw,aux,TO,
throw,O,18,about,xcomp,VB,
it,O,20,throw,dobj,PRP,
away,O,20,throw,advmod,RB,
when,O,29,asked,advmod,WRB,
one,O,29,asked,nsubj,CD,
of,O,24,one,prep,IN,
my,O,28,soldiers,poss,PRP$,
fellow,O,28,soldiers,amod,JJ,
soldiers,O,25,of,pobj,NNS,
asked,O,17,was,advcl,VBD,
if,O,33,dry,mark,IN,
he,O,33,dry,nsubj,PRP,
could,O,33,dry,aux,MD,
dry,O,29,asked,ccomp,VB,
it,O,33,dry,dobj,PRP,
out,O,33,dry,prt,RP,
for,O,33,dry,prep,IN,
me,O,36,for,pobj,PRP,
in,O,33,dry,prep,IN,
an,O,40,effort,det,DT,
effort,O,38,in,pobj,NN,
to,O,42,revive,aux,TO,
revive,O,40,effort,acl,VB,
the,O,44,phone,det,DT,
phone,O,42,revive,dobj,NN,
.,O,17,was,punct,.,
_,_,_,_,_,_,_
_,_,_,_,_,_,_
two,O,1,days,nummod,CD,
days,O,2,later,npadvmod,NNS,
later,O,6,returned,advmod,RBR,
the,O,4,phone,det,DT,
phone,O,6,returned,nsubjpass,NN,
was,O,6,returned,auxpass,VBD,
returned,O,6,returned,ROOT,VBN,
to,O,6,returned,prep,IN,
me,O,7,to,pobj,PRP,
in,O,6,returned,prep,IN,
complete,O,12,order,amod,JJ,
working,O,12,order,compound,NN,
order,O,9,in,pobj,NN,
.,O,6,returned,punct,.,
_,_,_,_,_,_,_
_,_,_,_,_,_,_